Farmacia Sousa Torres;Farmacia Guifoes;1;5.0;0.0;0.5
Farmacia Sousa Torres;Farmacia Avenida;1;5.0;0.0;0.5
Farmacia Sousa Torres;Farmacia Sa;1;5.0;0.0;0.5
Farmacia Sousa Torres;Farmacia de Fanzeres;1;5.0;0.0;0.5
Farmacia Sousa Torres;Farmacia Sa da Bandeira;1;5.0;0.0;0.5
Farmacia Sousa Torres;Farmacia Couto;1;5.0;0.0;0.5
Farmacia Sousa Torres;Farmacia Marques Da Cunha;1;5.0;0.0;0.5
Farmacia Sousa Torres;Farmacia Central (Valongo);1;5.0;0.0;0.5
Farmacia Sousa Torres;Centro Comercial Plaza;1;5.0;0.0;0.5
Farmacia Sousa Torres;Centro Comercial Stop;1;5.0;0.0;0.5
Farmacia Sousa Torres;Centro Comercial de Cedofeita;1;5.0;0.0;0.5
Farmacia Sousa Torres;Shopping Brasilia - Associaco Comerciantes;1;5.0;0.0;0.5
Farmacia Sousa Torres;Centro Comercial do Carvalhido;1;5.0;0.0;0.5
Farmacia Sousa Torres;Centro Comercial New City;1;5.0;0.0;0.5
Farmacia Sousa Torres;Centro Comercial Parque;1;5.0;0.0;0.5
Farmacia Sousa Torres;Traditional Shopping Street;1;5.0;0.0;0.5
Farmacia Sousa Torres;MAR Shopping Matosinhos;1;5.0;0.0;0.5
Farmacia Sousa Torres;NorteShopping;1;5.0;0.0;0.5
Farmacia Sousa Torres;Alameda Shop Spot;1;5.0;0.0;0.5
Farmacia Sousa Torres;Shop;1;5.0;0.0;0.5
Farmacia Sousa Torres;Espiral Colossal;1;5.0;0.0;0.5
Farmacia Sousa Torres;Praceta Salvador Caetano;1;5.0;0.0;0.5
Farmacia Sousa Torres;ArrabidaShopping;1;5.0;0.0;0.5
Farmacia Sousa Torres;Post Office Valongo;1;5.0;0.0;0.5
Farmacia Sousa Torres;Centro de Distribuicao dos Correios de Ermesinde;1;5.0;0.0;0.5
Farmacia Sousa Torres;Posto Correios Forno;1;5.0;0.0;0.5
Farmacia Sousa Torres;Posto de Correios de Conde Ferreira;1;5.0;0.0;0.5
Farmacia Sousa Torres;CTT;1;5.0;0.0;0.5
Farmacia Sousa Torres;Correios CTT Campo Alegre;1;5.0;0.0;0.5
Farmacia Sousa Torres;Pereiro Post Office;1;5.0;0.0;0.5
Farmacia Sousa Torres;Tecofix Porto;1;5.0;0.0;0.5
Farmacia Sousa Torres;FISHISCO Pesca;1;5.0;0.0;0.5
Farmacia Guifoes;Farmacia Avenida;1;5.0;0.0;0.5
Farmacia Guifoes;Farmacia Sa;1;5.0;0.0;0.5
Farmacia Guifoes;Farmacia de Fanzeres;1;5.0;0.0;0.5
Farmacia Guifoes;Farmacia Sa da Bandeira;1;5.0;0.0;0.5
Farmacia Guifoes;Farmacia Couto;1;5.0;0.0;0.5
Farmacia Guifoes;Farmacia Marques Da Cunha;1;5.0;0.0;0.5
Farmacia Guifoes;Farmacia Central (Valongo);1;5.0;0.0;0.5
Farmacia Guifoes;Centro Comercial Plaza;1;5.0;0.0;0.5
Farmacia Guifoes;Centro Comercial Stop;1;5.0;0.0;0.5
Farmacia Guifoes;Centro Comercial de Cedofeita;1;5.0;0.0;0.5
Farmacia Guifoes;Shopping Brasilia - Associaco Comerciantes;1;5.0;0.0;0.5
Farmacia Guifoes;Centro Comercial do Carvalhido;1;5.0;0.0;0.5
Farmacia Guifoes;Centro Comercial New City;1;5.0;0.0;0.5
Farmacia Guifoes;Centro Comercial Parque;0;5.0;0.0;0.5
Farmacia Guifoes;Traditional Shopping Street;1;5.0;0.0;0.5
Farmacia Guifoes;MAR Shopping Matosinhos;1;5.0;0.0;0.5
Farmacia Guifoes;Alameda Shop Spot;1;5.0;0.0;0.5
Farmacia Guifoes;Shop;1;5.0;0.0;0.5
Farmacia Guifoes;Espiral Colossal;1;5.0;0.0;0.5
Farmacia Guifoes;Praceta Salvador Caetano;1;5.0;0.0;0.5
Farmacia Guifoes;ArrabidaShopping;1;5.0;0.0;0.5
Farmacia Guifoes;Post Office Valongo;1;5.0;0.0;0.5
Farmacia Guifoes;Centro de Distribuicao dos Correios de Ermesinde;1;5.0;0.0;0.5
Farmacia Guifoes;Posto Correios Forno;1;5.0;0.0;0.5
Farmacia Guifoes;Posto de Correios de Conde Ferreira;1;5.0;0.0;0.5
Farmacia Guifoes;CTT;1;5.0;0.0;0.5
Farmacia Guifoes;Correios CTT Campo Alegre;1;5.0;0.0;0.5
Farmacia Guifoes;Pereiro Post Office;1;5.0;0.0;0.5
Farmacia Guifoes;Tecofix Porto;1;5.0;0.0;0.5
Farmacia Guifoes;FISHISCO Pesca;1;5.0;0.0;0.5
Farmacia Avenida;Farmacia Sa;1;5.0;0.0;0.5
Farmacia Avenida;Farmacia de Fanzeres;1;5.0;0.0;0.5
Farmacia Avenida;Farmacia Sa da Bandeira;1;5.0;0.0;0.5
Farmacia Avenida;Farmacia Couto;1;5.0;0.0;0.5
Farmacia Avenida;Farmacia Marques Da Cunha;1;5.0;0.0;0.5
Farmacia Avenida;Farmacia Central (Valongo);1;5.0;0.0;0.5
Farmacia Avenida;Centro Comercial Plaza;1;5.0;0.0;0.5
Farmacia Avenida;Centro Comercial Stop;1;5.0;0.0;0.5
Farmacia Avenida;Centro Comercial de Cedofeita;1;5.0;0.0;0.5
Farmacia Avenida;Shopping Brasilia - Associaco Comerciantes;1;5.0;0.0;0.5
Farmacia Avenida;Centro Comercial do Carvalhido;1;5.0;0.0;0.5
Farmacia Avenida;Centro Comercial New City;1;5.0;0.0;0.5
Farmacia Avenida;Centro Comercial Parque;1;5.0;0.0;0.5
Farmacia Avenida;Traditional Shopping Street;1;5.0;0.0;0.5
Farmacia Avenida;MAR Shopping Matosinhos;1;5.0;0.0;0.5
Farmacia Avenida;NorteShopping;1;5.0;0.0;0.5
Farmacia Avenida;Alameda Shop Spot;1;5.0;0.0;0.5
Farmacia Avenida;Shop;1;5.0;0.0;0.5
Farmacia Avenida;Espiral Colossal;1;5.0;0.0;0.5
Farmacia Avenida;Praceta Salvador Caetano;1;5.0;0.0;0.5
Farmacia Avenida;ArrabidaShopping;0;5.0;0.0;0.5
Farmacia Avenida;Post Office Valongo;1;5.0;0.0;0.5
Farmacia Avenida;Centro de Distribuicao dos Correios de Ermesinde;1;5.0;0.0;0.5
Farmacia Avenida;Posto Correios Forno;1;5.0;0.0;0.5
Farmacia Avenida;Posto de Correios de Conde Ferreira;1;5.0;0.0;0.5
Farmacia Avenida;CTT;1;5.0;0.0;0.5
Farmacia Avenida;Correios CTT Campo Alegre;1;5.0;0.0;0.5
Farmacia Avenida;Pereiro Post Office;1;5.0;0.0;0.5
Farmacia Avenida;Tecofix Porto;1;5.0;0.0;0.5
Farmacia Avenida;FISHISCO Pesca;1;5.0;0.0;0.5
Farmacia Sa;Farmacia de Fanzeres;1;5.0;0.0;0.5
Farmacia Sa;Farmacia Sa da Bandeira;1;5.0;0.0;0.5
Farmacia Sa;Farmacia Couto;1;5.0;0.0;0.5
Farmacia Sa;Farmacia Marques Da Cunha;1;5.0;0.0;0.5
Farmacia Sa;Farmacia Central (Valongo);1;5.0;0.0;0.5
Farmacia Sa;Centro Comercial Plaza;1;5.0;0.0;0.5
Farmacia Sa;Centro Comercial Stop;1;5.0;0.0;0.5
Farmacia Sa;Centro Comercial de Cedofeita;1;5.0;0.0;0.5
Farmacia Sa;Shopping Brasilia - Associaco Comerciantes;1;5.0;0.0;0.5
Farmacia Sa;Centro Comercial do Carvalhido;0;5.0;0.0;0.5
Farmacia Sa;Centro Comercial New City;1;5.0;0.0;0.5
Farmacia Sa;Centro Comercial Parque;1;5.0;0.0;0.5
Farmacia Sa;Traditional Shopping Street;1;5.0;0.0;0.5
Farmacia Sa;MAR Shopping Matosinhos;1;5.0;0.0;0.5
Farmacia Sa;NorteShopping;1;5.0;0.0;0.5
Farmacia Sa;Alameda Shop Spot;1;5.0;0.0;0.5
Farmacia Sa;Shop;1;5.0;0.0;0.5
Farmacia Sa;Espiral Colossal;1;5.0;0.0;0.5
Farmacia Sa;Praceta Salvador Caetano;1;5.0;0.0;0.5
Farmacia Sa;ArrabidaShopping;1;5.0;0.0;0.5
Farmacia Sa;Post Office Valongo;1;5.0;0.0;0.5
Farmacia Sa;Centro de Distribuicao dos Correios de Ermesinde;1;5.0;0.0;0.5
Farmacia Sa;Posto Correios Forno;1;5.0;0.0;0.5
Farmacia Sa;Posto de Correios de Conde Ferreira;0;5.0;0.0;0.5
Farmacia Sa;CTT;1;5.0;0.0;0.5
Farmacia Sa;Correios CTT Campo Alegre;1;5.0;0.0;0.5
Farmacia Sa;Pereiro Post Office;1;5.0;0.0;0.5
Farmacia Sa;Tecofix Porto;1;5.0;0.0;0.5
Farmacia Sa;FISHISCO Pesca;1;5.0;0.0;0.5
Farmacia de Fanzeres;Farmacia Sa da Bandeira;1;5.0;0.0;0.5
Farmacia de Fanzeres;Farmacia Couto;1;5.0;0.0;0.5
Farmacia de Fanzeres;Farmacia Marques Da Cunha;1;5.0;0.0;0.5
Farmacia de Fanzeres;Farmacia Central (Valongo);1;5.0;0.0;0.5
Farmacia de Fanzeres;Centro Comercial Plaza;1;5.0;0.0;0.5
Farmacia de Fanzeres;Centro Comercial Stop;1;5.0;0.0;0.5
Farmacia de Fanzeres;Centro Comercial de Cedofeita;1;5.0;0.0;0.5
Farmacia de Fanzeres;Shopping Brasilia - Associaco Comerciantes;1;5.0;0.0;0.5
Farmacia de Fanzeres;Centro Comercial do Carvalhido;1;5.0;0.0;0.5
Farmacia de Fanzeres;Centro Comercial New City;1;5.0;0.0;0.5
Farmacia de Fanzeres;Centro Comercial Parque;1;5.0;0.0;0.5
Farmacia de Fanzeres;Traditional Shopping Street;1;5.0;0.0;0.5
Farmacia de Fanzeres;MAR Shopping Matosinhos;1;5.0;0.0;0.5
Farmacia de Fanzeres;NorteShopping;1;5.0;0.0;0.5
Farmacia de Fanzeres;Alameda Shop Spot;1;5.0;0.0;0.5
Farmacia de Fanzeres;Shop;1;5.0;0.0;0.5
Farmacia de Fanzeres;Espiral Colossal;1;5.0;0.0;0.5
Farmacia de Fanzeres;Praceta Salvador Caetano;1;5.0;0.0;0.5
Farmacia de Fanzeres;ArrabidaShopping;1;5.0;0.0;0.5
Farmacia de Fanzeres;Post Office Valongo;1;5.0;0.0;0.5
Farmacia de Fanzeres;Centro de Distribuicao dos Correios de Ermesinde;1;5.0;0.0;0.5
Farmacia de Fanzeres;Posto Correios Forno;1;5.0;0.0;0.5
Farmacia de Fanzeres;Posto de Correios de Conde Ferreira;1;5.0;0.0;0.5
Farmacia de Fanzeres;CTT;1;5.0;0.0;0.5
Farmacia de Fanzeres;Correios CTT Campo Alegre;1;5.0;0.0;0.5
Farmacia de Fanzeres;Pereiro Post Office;1;5.0;0.0;0.5
Farmacia de Fanzeres;Tecofix Porto;1;5.0;0.0;0.5
Farmacia de Fanzeres;FISHISCO Pesca;1;5.0;0.0;0.5
Farmacia Sa da Bandeira;Farmacia Couto;1;5.0;0.0;0.5
Farmacia Sa da Bandeira;Farmacia Marques Da Cunha;1;5.0;0.0;0.5
Farmacia Sa da Bandeira;Farmacia Central (Valongo);1;5.0;0.0;0.5
Farmacia Sa da Bandeira;Centro Comercial Plaza;1;5.0;0.0;0.5
Farmacia Sa da Bandeira;Centro Comercial Stop;1;5.0;0.0;0.5
Farmacia Sa da Bandeira;Centro Comercial de Cedofeita;1;5.0;0.0;0.5
Farmacia Sa da Bandeira;Shopping Brasilia - Associaco Comerciantes;1;5.0;0.0;0.5
Farmacia Sa da Bandeira;Centro Comercial do Carvalhido;1;5.0;0.0;0.5
Farmacia Sa da Bandeira;Centro Comercial New City;1;5.0;0.0;0.5
Farmacia Sa da Bandeira;Centro Comercial Parque;1;5.0;0.0;0.5
Farmacia Sa da Bandeira;Traditional Shopping Street;1;5.0;0.0;0.5
Farmacia Sa da Bandeira;MAR Shopping Matosinhos;1;5.0;0.0;0.5
Farmacia Sa da Bandeira;NorteShopping;1;5.0;0.0;0.5
Farmacia Sa da Bandeira;Alameda Shop Spot;1;5.0;0.0;0.5
Farmacia Sa da Bandeira;Shop;1;5.0;0.0;0.5
Farmacia Sa da Bandeira;Espiral Colossal;1;5.0;0.0;0.5
Farmacia Sa da Bandeira;Praceta Salvador Caetano;1;5.0;0.0;0.5
Farmacia Sa da Bandeira;ArrabidaShopping;1;5.0;0.0;0.5
Farmacia Sa da Bandeira;Post Office Valongo;1;5.0;0.0;0.5
Farmacia Sa da Bandeira;Centro de Distribuicao dos Correios de Ermesinde;1;5.0;0.0;0.5
Farmacia Sa da Bandeira;Posto Correios Forno;1;5.0;0.0;0.5
Farmacia Sa da Bandeira;Posto de Correios de Conde Ferreira;1;5.0;0.0;0.5
Farmacia Sa da Bandeira;CTT;1;5.0;0.0;0.5
Farmacia Sa da Bandeira;Correios CTT Campo Alegre;1;5.0;0.0;0.5
Farmacia Sa da Bandeira;Pereiro Post Office;1;5.0;0.0;0.5
Farmacia Sa da Bandeira;Tecofix Porto;1;5.0;0.0;0.5
Farmacia Sa da Bandeira;FISHISCO Pesca;1;5.0;0.0;0.5
Farmacia Couto;Farmacia Marques Da Cunha;1;5.0;0.0;0.5
Farmacia Couto;Farmacia Central (Valongo);1;5.0;0.0;0.5
Farmacia Couto;Centro Comercial Plaza;1;5.0;0.0;0.5
Farmacia Couto;Centro Comercial Stop;1;5.0;0.0;0.5
Farmacia Couto;Centro Comercial de Cedofeita;1;5.0;0.0;0.5
Farmacia Couto;Shopping Brasilia - Associaco Comerciantes;1;5.0;0.0;0.5
Farmacia Couto;Centro Comercial do Carvalhido;1;5.0;0.0;0.5
Farmacia Couto;Centro Comercial New City;1;5.0;0.0;0.5
Farmacia Couto;Centro Comercial Parque;1;5.0;0.0;0.5
Farmacia Couto;Traditional Shopping Street;1;5.0;0.0;0.5
Farmacia Couto;MAR Shopping Matosinhos;1;5.0;0.0;0.5
Farmacia Couto;NorteShopping;1;5.0;0.0;0.5
Farmacia Couto;Alameda Shop Spot;1;5.0;0.0;0.5
Farmacia Couto;Shop;1;5.0;0.0;0.5
Farmacia Couto;Espiral Colossal;1;5.0;0.0;0.5
Farmacia Couto;Praceta Salvador Caetano;1;5.0;0.0;0.5
Farmacia Couto;ArrabidaShopping;1;5.0;0.0;0.5
Farmacia Couto;Post Office Valongo;1;5.0;0.0;0.5
Farmacia Couto;Centro de Distribuicao dos Correios de Ermesinde;1;5.0;0.0;0.5
Farmacia Couto;Posto Correios Forno;1;5.0;0.0;0.5
Farmacia Couto;Posto de Correios de Conde Ferreira;1;5.0;0.0;0.5
Farmacia Couto;CTT;1;5.0;0.0;0.5
Farmacia Couto;Correios CTT Campo Alegre;1;5.0;0.0;0.5
Farmacia Couto;Pereiro Post Office;1;5.0;0.0;0.5
Farmacia Couto;Tecofix Porto;1;5.0;0.0;0.5
Farmacia Couto;FISHISCO Pesca;1;5.0;0.0;0.5
Farmacia Marques Da Cunha;Farmacia Central (Valongo);1;5.0;0.0;0.5
Farmacia Marques Da Cunha;Centro Comercial Plaza;1;5.0;0.0;0.5
Farmacia Marques Da Cunha;Centro Comercial Stop;1;5.0;0.0;0.5
Farmacia Marques Da Cunha;Centro Comercial de Cedofeita;1;5.0;0.0;0.5
Farmacia Marques Da Cunha;Shopping Brasilia - Associaco Comerciantes;1;5.0;0.0;0.5
Farmacia Marques Da Cunha;Centro Comercial do Carvalhido;1;5.0;0.0;0.5
Farmacia Marques Da Cunha;Centro Comercial New City;1;5.0;0.0;0.5
Farmacia Marques Da Cunha;Centro Comercial Parque;1;5.0;0.0;0.5
Farmacia Marques Da Cunha;Traditional Shopping Street;1;5.0;0.0;0.5
Farmacia Marques Da Cunha;MAR Shopping Matosinhos;1;5.0;0.0;0.5
Farmacia Marques Da Cunha;NorteShopping;1;5.0;0.0;0.5
Farmacia Marques Da Cunha;Alameda Shop Spot;1;5.0;0.0;0.5
Farmacia Marques Da Cunha;Shop;1;5.0;0.0;0.5
Farmacia Marques Da Cunha;Espiral Colossal;1;5.0;0.0;0.5
Farmacia Marques Da Cunha;Praceta Salvador Caetano;1;5.0;0.0;0.5
Farmacia Marques Da Cunha;ArrabidaShopping;1;5.0;0.0;0.5
Farmacia Marques Da Cunha;Centro de Distribuicao dos Correios de Ermesinde;1;5.0;0.0;0.5
Farmacia Marques Da Cunha;Posto Correios Forno;1;5.0;0.0;0.5
Farmacia Marques Da Cunha;Posto de Correios de Conde Ferreira;1;5.0;0.0;0.5
Farmacia Marques Da Cunha;CTT;1;5.0;0.0;0.5
Farmacia Marques Da Cunha;Correios CTT Campo Alegre;1;5.0;0.0;0.5
Farmacia Marques Da Cunha;Pereiro Post Office;1;5.0;0.0;0.5
Farmacia Marques Da Cunha;Tecofix Porto;1;5.0;0.0;0.5
Farmacia Marques Da Cunha;FISHISCO Pesca;1;5.0;0.0;0.5
Farmacia Central (Valongo);Centro Comercial Plaza;1;5.0;0.0;0.5
Farmacia Central (Valongo);Centro Comercial Stop;1;5.0;0.0;0.5
Farmacia Central (Valongo);Centro Comercial de Cedofeita;1;5.0;0.0;0.5
Farmacia Central (Valongo);Shopping Brasilia - Associaco Comerciantes;1;5.0;0.0;0.5
Farmacia Central (Valongo);Centro Comercial do Carvalhido;1;5.0;0.0;0.5
Farmacia Central (Valongo);Centro Comercial New City;1;5.0;0.0;0.5
Farmacia Central (Valongo);Centro Comercial Parque;1;5.0;0.0;0.5
Farmacia Central (Valongo);Traditional Shopping Street;1;5.0;0.0;0.5
Farmacia Central (Valongo);MAR Shopping Matosinhos;1;5.0;0.0;0.5
Farmacia Central (Valongo);NorteShopping;1;5.0;0.0;0.5
Farmacia Central (Valongo);Alameda Shop Spot;1;5.0;0.0;0.5
Farmacia Central (Valongo);Shop;1;5.0;0.0;0.5
Farmacia Central (Valongo);Espiral Colossal;1;5.0;0.0;0.5
Farmacia Central (Valongo);Praceta Salvador Caetano;1;5.0;0.0;0.5
Farmacia Central (Valongo);ArrabidaShopping;1;5.0;0.0;0.5
Farmacia Central (Valongo);Post Office Valongo;1;5.0;0.0;0.5
Farmacia Central (Valongo);Centro de Distribuicao dos Correios de Ermesinde;1;5.0;0.0;0.5
Farmacia Central (Valongo);Posto Correios Forno;1;5.0;0.0;0.5
Farmacia Central (Valongo);Posto de Correios de Conde Ferreira;1;5.0;0.0;0.5
Farmacia Central (Valongo);CTT;1;5.0;0.0;0.5
Farmacia Central (Valongo);Correios CTT Campo Alegre;1;5.0;0.0;0.5
Farmacia Central (Valongo);Pereiro Post Office;1;5.0;0.0;0.5
Farmacia Central (Valongo);Tecofix Porto;1;5.0;0.0;0.5
Farmacia Central (Valongo);FISHISCO Pesca;1;5.0;0.0;0.5
Centro Comercial Plaza;Centro Comercial Stop;1;5.0;0.0;0.5
Centro Comercial Plaza;Centro Comercial de Cedofeita;1;5.0;0.0;0.5
Centro Comercial Plaza;Shopping Brasilia - Associaco Comerciantes;1;5.0;0.0;0.5
Centro Comercial Plaza;Centro Comercial do Carvalhido;1;5.0;0.0;0.5
Centro Comercial Plaza;Centro Comercial New City;1;5.0;0.0;0.5
Centro Comercial Plaza;Centro Comercial Parque;1;5.0;0.0;0.5
Centro Comercial Plaza;Traditional Shopping Street;1;5.0;0.0;0.5
Centro Comercial Plaza;MAR Shopping Matosinhos;1;5.0;0.0;0.5
Centro Comercial Plaza;NorteShopping;1;5.0;0.0;0.5
Centro Comercial Plaza;Alameda Shop Spot;1;5.0;0.0;0.5
Centro Comercial Plaza;Shop;1;5.0;0.0;0.5
Centro Comercial Plaza;Espiral Colossal;1;5.0;0.0;0.5
Centro Comercial Plaza;Praceta Salvador Caetano;1;5.0;0.0;0.5
Centro Comercial Plaza;ArrabidaShopping;1;5.0;0.0;0.5
Centro Comercial Plaza;Post Office Valongo;1;5.0;0.0;0.5
Centro Comercial Plaza;Centro de Distribuicao dos Correios de Ermesinde;1;5.0;0.0;0.5
Centro Comercial Plaza;Posto Correios Forno;1;5.0;0.0;0.5
Centro Comercial Plaza;Posto de Correios de Conde Ferreira;1;5.0;0.0;0.5
Centro Comercial Plaza;CTT;1;5.0;0.0;0.5
Centro Comercial Plaza;Correios CTT Campo Alegre;1;5.0;0.0;0.5
Centro Comercial Plaza;Pereiro Post Office;1;5.0;0.0;0.5
Centro Comercial Plaza;Tecofix Porto;1;5.0;0.0;0.5
Centro Comercial Plaza;FISHISCO Pesca;1;5.0;0.0;0.5
Centro Comercial Stop;Centro Comercial de Cedofeita;1;5.0;0.0;0.5
Centro Comercial Stop;Shopping Brasilia - Associaco Comerciantes;1;5.0;0.0;0.5
Centro Comercial Stop;Centro Comercial do Carvalhido;1;5.0;0.0;0.5
Centro Comercial Stop;Centro Comercial New City;1;5.0;0.0;0.5
Centro Comercial Stop;Centro Comercial Parque;1;5.0;0.0;0.5
Centro Comercial Stop;Traditional Shopping Street;1;5.0;0.0;0.5
Centro Comercial Stop;MAR Shopping Matosinhos;1;5.0;0.0;0.5
Centro Comercial Stop;NorteShopping;1;5.0;0.0;0.5
Centro Comercial Stop;Alameda Shop Spot;1;5.0;0.0;0.5
Centro Comercial Stop;Shop;1;5.0;0.0;0.5
Centro Comercial Stop;Espiral Colossal;0;5.0;0.0;0.5
Centro Comercial Stop;Praceta Salvador Caetano;1;5.0;0.0;0.5
Centro Comercial Stop;ArrabidaShopping;1;5.0;0.0;0.5
Centro Comercial Stop;Post Office Valongo;1;5.0;0.0;0.5
Centro Comercial Stop;Centro de Distribuicao dos Correios de Ermesinde;1;5.0;0.0;0.5
Centro Comercial Stop;Posto Correios Forno;1;5.0;0.0;0.5
Centro Comercial Stop;Posto de Correios de Conde Ferreira;1;5.0;0.0;0.5
Centro Comercial Stop;CTT;1;5.0;0.0;0.5
Centro Comercial Stop;Correios CTT Campo Alegre;1;5.0;0.0;0.5
Centro Comercial Stop;Pereiro Post Office;1;5.0;0.0;0.5
Centro Comercial Stop;Tecofix Porto;1;5.0;0.0;0.5
Centro Comercial Stop;FISHISCO Pesca;1;5.0;0.0;0.5
Centro Comercial de Cedofeita;Shopping Brasilia - Associaco Comerciantes;1;5.0;0.0;0.5
Centro Comercial de Cedofeita;Centro Comercial do Carvalhido;1;5.0;0.0;0.5
Centro Comercial de Cedofeita;Centro Comercial New City;1;5.0;0.0;0.5
Centro Comercial de Cedofeita;Centro Comercial Parque;1;5.0;0.0;0.5
Centro Comercial de Cedofeita;Traditional Shopping Street;1;5.0;0.0;0.5
Centro Comercial de Cedofeita;MAR Shopping Matosinhos;1;5.0;0.0;0.5
Centro Comercial de Cedofeita;NorteShopping;1;5.0;0.0;0.5
Centro Comercial de Cedofeita;Alameda Shop Spot;1;5.0;0.0;0.5
Centro Comercial de Cedofeita;Shop;0;5.0;0.0;0.5
Centro Comercial de Cedofeita;Espiral Colossal;1;5.0;0.0;0.5
Centro Comercial de Cedofeita;Praceta Salvador Caetano;1;5.0;0.0;0.5
Centro Comercial de Cedofeita;ArrabidaShopping;0;5.0;0.0;0.5
Centro Comercial de Cedofeita;Post Office Valongo;1;5.0;0.0;0.5
Centro Comercial de Cedofeita;Centro de Distribuicao dos Correios de Ermesinde;1;5.0;0.0;0.5
Centro Comercial de Cedofeita;Posto Correios Forno;1;5.0;0.0;0.5
Centro Comercial de Cedofeita;Posto de Correios de Conde Ferreira;1;5.0;0.0;0.5
Centro Comercial de Cedofeita;CTT;1;5.0;0.0;0.5
Centro Comercial de Cedofeita;Correios CTT Campo Alegre;1;5.0;0.0;0.5
Centro Comercial de Cedofeita;Pereiro Post Office;1;5.0;0.0;0.5
Centro Comercial de Cedofeita;Tecofix Porto;1;5.0;0.0;0.5
Centro Comercial de Cedofeita;FISHISCO Pesca;1;5.0;0.0;0.5
Shopping Brasilia - Associaco Comerciantes;Centro Comercial do Carvalhido;1;5.0;0.0;0.5
Shopping Brasilia - Associaco Comerciantes;Centro Comercial New City;1;5.0;0.0;0.5
Shopping Brasilia - Associaco Comerciantes;Centro Comercial Parque;1;5.0;0.0;0.5
Shopping Brasilia - Associaco Comerciantes;Traditional Shopping Street;1;5.0;0.0;0.5
Shopping Brasilia - Associaco Comerciantes;MAR Shopping Matosinhos;1;5.0;0.0;0.5
Shopping Brasilia - Associaco Comerciantes;NorteShopping;1;5.0;0.0;0.5
Shopping Brasilia - Associaco Comerciantes;Alameda Shop Spot;1;5.0;0.0;0.5
Shopping Brasilia - Associaco Comerciantes;Shop;1;5.0;0.0;0.5
Shopping Brasilia - Associaco Comerciantes;Espiral Colossal;1;5.0;0.0;0.5
Shopping Brasilia - Associaco Comerciantes;Praceta Salvador Caetano;1;5.0;0.0;0.5
Shopping Brasilia - Associaco Comerciantes;ArrabidaShopping;1;5.0;0.0;0.5
Shopping Brasilia - Associaco Comerciantes;Post Office Valongo;1;5.0;0.0;0.5
Shopping Brasilia - Associaco Comerciantes;Centro de Distribuicao dos Correios de Ermesinde;1;5.0;0.0;0.5
Shopping Brasilia - Associaco Comerciantes;Posto Correios Forno;1;5.0;0.0;0.5
Shopping Brasilia - Associaco Comerciantes;Posto de Correios de Conde Ferreira;1;5.0;0.0;0.5
Shopping Brasilia - Associaco Comerciantes;CTT;1;5.0;0.0;0.5
Shopping Brasilia - Associaco Comerciantes;Correios CTT Campo Alegre;0;5.0;0.0;0.5
Shopping Brasilia - Associaco Comerciantes;Pereiro Post Office;1;5.0;0.0;0.5
Shopping Brasilia - Associaco Comerciantes;Tecofix Porto;1;5.0;0.0;0.5
Shopping Brasilia - Associaco Comerciantes;FISHISCO Pesca;1;5.0;0.0;0.5
Centro Comercial do Carvalhido;Centro Comercial New City;1;5.0;0.0;0.5
Centro Comercial do Carvalhido;Centro Comercial Parque;1;5.0;0.0;0.5
Centro Comercial do Carvalhido;Traditional Shopping Street;1;5.0;0.0;0.5
Centro Comercial do Carvalhido;MAR Shopping Matosinhos;1;5.0;0.0;0.5
Centro Comercial do Carvalhido;NorteShopping;1;5.0;0.0;0.5
Centro Comercial do Carvalhido;Alameda Shop Spot;1;5.0;0.0;0.5
Centro Comercial do Carvalhido;Shop;1;5.0;0.0;0.5
Centro Comercial do Carvalhido;Espiral Colossal;1;5.0;0.0;0.5
Centro Comercial do Carvalhido;Praceta Salvador Caetano;1;5.0;0.0;0.5
Centro Comercial do Carvalhido;ArrabidaShopping;1;5.0;0.0;0.5
Centro Comercial do Carvalhido;Post Office Valongo;1;5.0;0.0;0.5
Centro Comercial do Carvalhido;Centro de Distribuicao dos Correios de Ermesinde;1;5.0;0.0;0.5
Centro Comercial do Carvalhido;Posto Correios Forno;1;5.0;0.0;0.5
Centro Comercial do Carvalhido;Posto de Correios de Conde Ferreira;1;5.0;0.0;0.5
Centro Comercial do Carvalhido;CTT;1;5.0;0.0;0.5
Centro Comercial do Carvalhido;Correios CTT Campo Alegre;1;5.0;0.0;0.5
Centro Comercial do Carvalhido;Pereiro Post Office;1;5.0;0.0;0.5
Centro Comercial do Carvalhido;Tecofix Porto;1;5.0;0.0;0.5
Centro Comercial do Carvalhido;FISHISCO Pesca;1;5.0;0.0;0.5
Centro Comercial New City;Centro Comercial Parque;1;5.0;0.0;0.5
Centro Comercial New City;Traditional Shopping Street;1;5.0;0.0;0.5
Centro Comercial New City;MAR Shopping Matosinhos;1;5.0;0.0;0.5
Centro Comercial New City;NorteShopping;1;5.0;0.0;0.5
Centro Comercial New City;Alameda Shop Spot;1;5.0;0.0;0.5
Centro Comercial New City;Shop;1;5.0;0.0;0.5
Centro Comercial New City;Espiral Colossal;1;5.0;0.0;0.5
Centro Comercial New City;Praceta Salvador Caetano;1;5.0;0.0;0.5
Centro Comercial New City;ArrabidaShopping;1;5.0;0.0;0.5
Centro Comercial New City;Post Office Valongo;1;5.0;0.0;0.5
Centro Comercial New City;Centro de Distribuicao dos Correios de Ermesinde;1;5.0;0.0;0.5
Centro Comercial New City;Posto Correios Forno;1;5.0;0.0;0.5
Centro Comercial New City;Posto de Correios de Conde Ferreira;1;5.0;0.0;0.5
Centro Comercial New City;CTT;1;5.0;0.0;0.5
Centro Comercial New City;Correios CTT Campo Alegre;1;5.0;0.0;0.5
Centro Comercial New City;Pereiro Post Office;1;5.0;0.0;0.5
Centro Comercial New City;Tecofix Porto;1;5.0;0.0;0.5
Centro Comercial New City;FISHISCO Pesca;1;5.0;0.0;0.5
Centro Comercial Parque;Traditional Shopping Street;1;5.0;0.0;0.5
Centro Comercial Parque;MAR Shopping Matosinhos;1;5.0;0.0;0.5
Centro Comercial Parque;NorteShopping;1;5.0;0.0;0.5
Centro Comercial Parque;Alameda Shop Spot;1;5.0;0.0;0.5
Centro Comercial Parque;Shop;1;5.0;0.0;0.5
Centro Comercial Parque;Espiral Colossal;1;5.0;0.0;0.5
Centro Comercial Parque;Praceta Salvador Caetano;1;5.0;0.0;0.5
Centro Comercial Parque;ArrabidaShopping;1;5.0;0.0;0.5
Centro Comercial Parque;Post Office Valongo;1;5.0;0.0;0.5
Centro Comercial Parque;Centro de Distribuicao dos Correios de Ermesinde;1;5.0;0.0;0.5
Centro Comercial Parque;Posto Correios Forno;1;5.0;0.0;0.5
Centro Comercial Parque;Posto de Correios de Conde Ferreira;1;5.0;0.0;0.5
Centro Comercial Parque;CTT;1;5.0;0.0;0.5
Centro Comercial Parque;Correios CTT Campo Alegre;1;5.0;0.0;0.5
Centro Comercial Parque;Pereiro Post Office;1;5.0;0.0;0.5
Centro Comercial Parque;Tecofix Porto;1;5.0;0.0;0.5
Centro Comercial Parque;FISHISCO Pesca;1;5.0;0.0;0.5
Traditional Shopping Street;MAR Shopping Matosinhos;1;5.0;0.0;0.5
Traditional Shopping Street;NorteShopping;1;5.0;0.0;0.5
Traditional Shopping Street;Alameda Shop Spot;1;5.0;0.0;0.5
Traditional Shopping Street;Shop;1;5.0;0.0;0.5
Traditional Shopping Street;Espiral Colossal;1;5.0;0.0;0.5
Traditional Shopping Street;Praceta Salvador Caetano;1;5.0;0.0;0.5
Traditional Shopping Street;ArrabidaShopping;1;5.0;0.0;0.5
Traditional Shopping Street;Post Office Valongo;1;5.0;0.0;0.5
Traditional Shopping Street;Centro de Distribuicao dos Correios de Ermesinde;1;5.0;0.0;0.5
Traditional Shopping Street;Posto Correios Forno;1;5.0;0.0;0.5
Traditional Shopping Street;Posto de Correios de Conde Ferreira;1;5.0;0.0;0.5
Traditional Shopping Street;CTT;0;5.0;0.0;0.5
Traditional Shopping Street;Correios CTT Campo Alegre;1;5.0;0.0;0.5
Traditional Shopping Street;Pereiro Post Office;1;5.0;0.0;0.5
Traditional Shopping Street;Tecofix Porto;1;5.0;0.0;0.5
Traditional Shopping Street;FISHISCO Pesca;1;5.0;0.0;0.5
MAR Shopping Matosinhos;NorteShopping;1;5.0;0.0;0.5
MAR Shopping Matosinhos;Alameda Shop Spot;1;5.0;0.0;0.5
MAR Shopping Matosinhos;Shop;1;5.0;0.0;0.5
MAR Shopping Matosinhos;Espiral Colossal;1;5.0;0.0;0.5
MAR Shopping Matosinhos;Praceta Salvador Caetano;1;5.0;0.0;0.5
MAR Shopping Matosinhos;ArrabidaShopping;1;5.0;0.0;0.5
MAR Shopping Matosinhos;Post Office Valongo;1;5.0;0.0;0.5
MAR Shopping Matosinhos;Centro de Distribuicao dos Correios de Ermesinde;1;5.0;0.0;0.5
MAR Shopping Matosinhos;Posto Correios Forno;1;5.0;0.0;0.5
MAR Shopping Matosinhos;Posto de Correios de Conde Ferreira;1;5.0;0.0;0.5
MAR Shopping Matosinhos;CTT;1;5.0;0.0;0.5
MAR Shopping Matosinhos;Correios CTT Campo Alegre;1;5.0;0.0;0.5
MAR Shopping Matosinhos;Pereiro Post Office;1;5.0;0.0;0.5
MAR Shopping Matosinhos;Tecofix Porto;1;5.0;0.0;0.5
MAR Shopping Matosinhos;FISHISCO Pesca;1;5.0;0.0;0.5
NorteShopping;Alameda Shop Spot;1;5.0;0.0;0.5
NorteShopping;Shop;1;5.0;0.0;0.5
NorteShopping;Espiral Colossal;1;5.0;0.0;0.5
NorteShopping;Praceta Salvador Caetano;1;5.0;0.0;0.5
NorteShopping;ArrabidaShopping;1;5.0;0.0;0.5
NorteShopping;Post Office Valongo;1;5.0;0.0;0.5
NorteShopping;Centro de Distribuicao dos Correios de Ermesinde;1;5.0;0.0;0.5
NorteShopping;Posto Correios Forno;1;5.0;0.0;0.5
NorteShopping;Posto de Correios de Conde Ferreira;1;5.0;0.0;0.5
NorteShopping;CTT;1;5.0;0.0;0.5
NorteShopping;Correios CTT Campo Alegre;1;5.0;0.0;0.5
NorteShopping;Pereiro Post Office;0;5.0;0.0;0.5
NorteShopping;Tecofix Porto;1;5.0;0.0;0.5
NorteShopping;FISHISCO Pesca;1;5.0;0.0;0.5
Alameda Shop Spot;Shop;1;5.0;0.0;0.5
Alameda Shop Spot;Espiral Colossal;1;5.0;0.0;0.5
Alameda Shop Spot;Praceta Salvador Caetano;1;5.0;0.0;0.5
Alameda Shop Spot;ArrabidaShopping;1;5.0;0.0;0.5
Alameda Shop Spot;Post Office Valongo;1;5.0;0.0;0.5
Alameda Shop Spot;Centro de Distribuicao dos Correios de Ermesinde;1;5.0;0.0;0.5
Alameda Shop Spot;Posto Correios Forno;0;5.0;0.0;0.5
Alameda Shop Spot;Posto de Correios de Conde Ferreira;0;5.0;0.0;0.5
Alameda Shop Spot;CTT;1;5.0;0.0;0.5
Alameda Shop Spot;Correios CTT Campo Alegre;1;5.0;0.0;0.5
Alameda Shop Spot;Pereiro Post Office;1;5.0;0.0;0.5
Alameda Shop Spot;Tecofix Porto;1;5.0;0.0;0.5
Alameda Shop Spot;FISHISCO Pesca;1;5.0;0.0;0.5
Shop;Espiral Colossal;1;5.0;0.0;0.5
Shop;Praceta Salvador Caetano;1;5.0;0.0;0.5
Shop;ArrabidaShopping;1;5.0;0.0;0.5
Shop;Post Office Valongo;1;5.0;0.0;0.5
Shop;Centro de Distribuicao dos Correios de Ermesinde;1;5.0;0.0;0.5
Shop;Posto Correios Forno;1;5.0;0.0;0.5
Shop;Posto de Correios de Conde Ferreira;1;5.0;0.0;0.5
Shop;CTT;1;5.0;0.0;0.5
Shop;Correios CTT Campo Alegre;1;5.0;0.0;0.5
Shop;Pereiro Post Office;1;5.0;0.0;0.5
Shop;Tecofix Porto;1;5.0;0.0;0.5
Shop;FISHISCO Pesca;1;5.0;0.0;0.5
Espiral Colossal;Praceta Salvador Caetano;1;5.0;0.0;0.5
Espiral Colossal;ArrabidaShopping;1;5.0;0.0;0.5
Espiral Colossal;Post Office Valongo;1;5.0;0.0;0.5
Espiral Colossal;Centro de Distribuicao dos Correios de Ermesinde;1;5.0;0.0;0.5
Espiral Colossal;Posto Correios Forno;1;5.0;0.0;0.5
Espiral Colossal;Posto de Correios de Conde Ferreira;1;5.0;0.0;0.5
Espiral Colossal;CTT;1;5.0;0.0;0.5
Espiral Colossal;Correios CTT Campo Alegre;1;5.0;0.0;0.5
Espiral Colossal;Pereiro Post Office;1;5.0;0.0;0.5
Espiral Colossal;Tecofix Porto;1;5.0;0.0;0.5
Espiral Colossal;FISHISCO Pesca;1;5.0;0.0;0.5
Praceta Salvador Caetano;ArrabidaShopping;1;5.0;0.0;0.5
Praceta Salvador Caetano;Post Office Valongo;1;5.0;0.0;0.5
Praceta Salvador Caetano;Centro de Distribuicao dos Correios de Ermesinde;1;5.0;0.0;0.5
Praceta Salvador Caetano;Posto Correios Forno;1;5.0;0.0;0.5
Praceta Salvador Caetano;Posto de Correios de Conde Ferreira;1;5.0;0.0;0.5
Praceta Salvador Caetano;CTT;1;5.0;0.0;0.5
Praceta Salvador Caetano;Correios CTT Campo Alegre;1;5.0;0.0;0.5
Praceta Salvador Caetano;Pereiro Post Office;1;5.0;0.0;0.5
Praceta Salvador Caetano;Tecofix Porto;1;5.0;0.0;0.5
Praceta Salvador Caetano;FISHISCO Pesca;1;5.0;0.0;0.5
ArrabidaShopping;Post Office Valongo;1;5.0;0.0;0.5
ArrabidaShopping;Centro de Distribuicao dos Correios de Ermesinde;1;5.0;0.0;0.5
ArrabidaShopping;Posto Correios Forno;1;5.0;0.0;0.5
ArrabidaShopping;Posto de Correios de Conde Ferreira;1;5.0;0.0;0.5
ArrabidaShopping;CTT;1;5.0;0.0;0.5
ArrabidaShopping;Correios CTT Campo Alegre;1;5.0;0.0;0.5
ArrabidaShopping;Pereiro Post Office;1;5.0;0.0;0.5
ArrabidaShopping;Tecofix Porto;1;5.0;0.0;0.5
ArrabidaShopping;FISHISCO Pesca;1;5.0;0.0;0.5
Post Office Valongo;Centro de Distribuicao dos Correios de Ermesinde;1;5.0;0.0;0.5
Post Office Valongo;Posto Correios Forno;1;5.0;0.0;0.5
Post Office Valongo;Posto de Correios de Conde Ferreira;1;5.0;0.0;0.5
Post Office Valongo;CTT;1;5.0;0.0;0.5
Post Office Valongo;Correios CTT Campo Alegre;1;5.0;0.0;0.5
Post Office Valongo;Pereiro Post Office;1;5.0;0.0;0.5
Post Office Valongo;Tecofix Porto;1;5.0;0.0;0.5
Post Office Valongo;FISHISCO Pesca;1;5.0;0.0;0.5
Centro de Distribuicao dos Correios de Ermesinde;Posto Correios Forno;1;5.0;0.0;0.5
Centro de Distribuicao dos Correios de Ermesinde;Posto de Correios de Conde Ferreira;1;5.0;0.0;0.5
Centro de Distribuicao dos Correios de Ermesinde;CTT;1;5.0;0.0;0.5
Centro de Distribuicao dos Correios de Ermesinde;Correios CTT Campo Alegre;1;5.0;0.0;0.5
Centro de Distribuicao dos Correios de Ermesinde;Pereiro Post Office;1;5.0;0.0;0.5
Centro de Distribuicao dos Correios de Ermesinde;Tecofix Porto;1;5.0;0.0;0.5
Centro de Distribuicao dos Correios de Ermesinde;FISHISCO Pesca;1;5.0;0.0;0.5
Posto Correios Forno;Posto de Correios de Conde Ferreira;1;5.0;0.0;0.5
Posto Correios Forno;CTT;1;5.0;0.0;0.5
Posto Correios Forno;Correios CTT Campo Alegre;1;5.0;0.0;0.5
Posto Correios Forno;Pereiro Post Office;1;5.0;0.0;0.5
Posto Correios Forno;Tecofix Porto;1;5.0;0.0;0.5
Posto Correios Forno;FISHISCO Pesca;1;5.0;0.0;0.5
Posto de Correios de Conde Ferreira;CTT;1;5.0;0.0;0.5
Posto de Correios de Conde Ferreira;Correios CTT Campo Alegre;1;5.0;0.0;0.5
Posto de Correios de Conde Ferreira;Pereiro Post Office;1;5.0;0.0;0.5
Posto de Correios de Conde Ferreira;Tecofix Porto;1;5.0;0.0;0.5
Posto de Correios de Conde Ferreira;FISHISCO Pesca;1;5.0;0.0;0.5
CTT;Correios CTT Campo Alegre;1;5.0;0.0;0.5
CTT;Pereiro Post Office;1;5.0;0.0;0.5
CTT;Tecofix Porto;1;5.0;0.0;0.5
CTT;FISHISCO Pesca;1;5.0;0.0;0.5
Correios CTT Campo Alegre;Pereiro Post Office;1;5.0;0.0;0.5
Correios CTT Campo Alegre;Tecofix Porto;1;5.0;0.0;0.5
Correios CTT Campo Alegre;FISHISCO Pesca;1;5.0;0.0;0.5
Pereiro Post Office;Tecofix Porto;1;5.0;0.0;0.5
Pereiro Post Office;FISHISCO Pesca;1;5.0;0.0;0.5
